Workbook

Sheet Tracker
A1: A-level Maths & Further Maths tracker
A2: Fill in the cream columns. Status: — / In progress / Done. Confidence 1 (shaky) to 5 (exam-ready). Dates DD/MM/YYYY. 'Days since' turns orange after 21 days and red after 42. Term = when school teaches it. Level A = A-level only (not on AS). Use the filter arrows to show one strand or term.
A4: Strand | B4: Book | C4: Ch | D4: Chapter | E4: Sections | F4: Level | G4: Term | H4: Taught | I4: Summary | J4: Exercises | K4: Exam Qs | L4: Confidence | M4: Last revisited | N4: Days since | O4: Notes
A5: Pure | B5: Maths Y1 (red) | C5: 1 | D5: Proof and mathematical communication | E5: Structures & arguments; Inequality notation; Disproof by counter-example; Proof by deduction; Proof by exhaustion | F5: AS | G5: Autumn Y12 | N5: =IF(M5="","",TODAY()-M5)
A6: Pure | B6: Maths Y1 (red) | C6: 2 | D6: Indices and surds | E6: Laws of indices; Working with surds | F6: AS | G6: Autumn Y12 | N6: =IF(M6="","",TODAY()-M6)
A7: Pure | B7: Maths Y1 (red) | C7: 3 | D7: Quadratic functions | E7: Review; Graphs; Completing the square; Quadratic inequalities; Discriminant; Disguised quadratics | F7: AS | G7: Autumn Y12 | N7: =IF(M7="","",TODAY()-M7)
A8: Pure | B8: Maths Y1 (red) | C8: 4 | D8: Polynomials | E8: Working with polynomials; Polynomial division; Factor theorem; Sketching polynomials | F8: AS | G8: Autumn Y12 | N8: =IF(M8="","",TODAY()-M8)
A9: Pure | B9: Maths Y1 (red) | C9: 5 | D9: Using graphs | E9: Intersections; Discriminant revisited; Transforming graphs; Graphs of a/x and a/x²; Direct & inverse proportion; Inequalities in two variables | F9: AS | G9: Autumn Y12 | N9: =IF(M9="","",TODAY()-M9)
A10: Pure | B10: Maths Y1 (red) | C10: 6 | D10: Coordinate geometry | E10: Midpoint & distance; Straight lines; Parallel & perpendicular; Equation of a circle; Lines & circles problems | F10: AS | G10: Autumn Y12 | N10: =IF(M10="","",TODAY()-M10)
A11: Pure | B11: Maths Y1 (red) | C11: 7 | D11: Logarithms | E11: Introducing logs; Laws of logs; Exponential equations; Disguised quadratics | F11: AS | G11: Autumn Y12 | N11: =IF(M11="","",TODAY()-M11)
A12: Pure | B12: Maths Y1 (red) | C12: 8 | D12: Exponential models | E12: Exponential graphs; Log graphs; Modelling; Fitting models to data | F12: AS | G12: Autumn Y12 | N12: =IF(M12="","",TODAY()-M12)
A13: Pure | B13: Maths Y1 (red) | C13: 9 | D13: Binomial expansion | E13: Binomial theorem; Binomial coefficients; Applications | F13: AS | G13: Autumn Y12 | N13: =IF(M13="","",TODAY()-M13)
A14: Pure | B14: Maths Y1 (red) | C14: 10 | D14: Trigonometric functions and equations | E14: Sin & cos graphs; Tan; Exact values; Identities; Trig equations; Transformations; Harder trig equations | F14: AS | G14: Autumn Y12 | N14: =IF(M14="","",TODAY()-M14)
A15: Pure | B15: Maths Y1 (red) | C15: 11 | D15: Triangle geometry | E15: Sine rule; Cosine rule; Area of a triangle | F15: AS | G15: Autumn Y12 | N15: =IF(M15="","",TODAY()-M15)
A16: Pure | B16: Maths Y1 (red) | C16: 12 | D16: Vectors | E16: Describing vectors; Operations; Position & displacement; Geometric problems | F16: AS | G16: Autumn Y12 | N16: =IF(M16="","",TODAY()-M16)
... A84: Further Mechanics | B84: Further Mechanics | C84: 10 | D84: Centres of mass 2 | E84: Centres of mass by integration; Equilibrium of a rigid body | F84: A | G84: Spring Y13 | N84: =IF(M84="","",TODAY()-M84)

Sheet Overview
A1: Progress overview
A3: Strand | B3: Chapters | C3: Summaries done | D3: Exercises done | E3: Exam Qs done | F3: Avg confidence | G3: Chapters at 1–2
A4: Pure | B4: =COUNTIF(Tracker!$A$5:$A$84,A4) -> 30 | C4: =COUNTIFS(Tracker!$A$5:$A$84,A4,Tracker!$I$5:$I$84,"Done") -> 0 | D4: =COUNTIFS(Tracker!$A$5:$A$84,A4,Tracker!$J$5:$J$84,"Done") -> 0 | E4: =COUNTIFS(Tracker!$A$5:$A$84,A4,Tracker!$K$5:$K$84,"Done") -> 0 | F4: =IFERROR(AVERAGEIFS(Tracker!$L$5:$L$84,Tracker!$A$5:$A$84,A4),"") | G4: =COUNTIFS(Tracker!$A$5:$A$84,A4,Tracker!$L$5:$L$84,"<=2") -> 0
A5: Pure Core | B5: =COUNTIF(Tracker!$A$5:$A$84,A5) -> 17 | C5: =COUNTIFS(Tracker!$A$5:$A$84,A5,Tracker!$I$5:$I$84,"Done") -> 0 | D5: =COUNTIFS(Tracker!$A$5:$A$84,A5,Tracker!$J$5:$J$84,"Done") -> 0 | E5: =COUNTIFS(Tracker!$A$5:$A$84,A5,Tracker!$K$5:$K$84,"Done") -> 0 | F5: =IFERROR(AVERAGEIFS(Tracker!$L$5:$L$84,Tracker!$A$5:$A$84,A5),"") | G5: =COUNTIFS(Tracker!$A$5:$A$84,A5,Tracker!$L$5:$L$84,"<=2") -> 0
A6: Statistics | B6: =COUNTIF(Tracker!$A$5:$A$84,A6) -> 6 | C6: =COUNTIFS(Tracker!$A$5:$A$84,A6,Tracker!$I$5:$I$84,"Done") -> 0 | D6: =COUNTIFS(Tracker!$A$5:$A$84,A6,Tracker!$J$5:$J$84,"Done") -> 0 | E6: =COUNTIFS(Tracker!$A$5:$A$84,A6,Tracker!$K$5:$K$84,"Done") -> 0 | F6: =IFERROR(AVERAGEIFS(Tracker!$L$5:$L$84,Tracker!$A$5:$A$84,A6),"") | G6: =COUNTIFS(Tracker!$A$5:$A$84,A6,Tracker!$L$5:$L$84,"<=2") -> 0
A7: Further Stats | B7: =COUNTIF(Tracker!$A$5:$A$84,A7) -> 9 | C7: =COUNTIFS(Tracker!$A$5:$A$84,A7,Tracker!$I$5:$I$84,"Done") -> 0 | D7: =COUNTIFS(Tracker!$A$5:$A$84,A7,Tracker!$J$5:$J$84,"Done") -> 0 | E7: =COUNTIFS(Tracker!$A$5:$A$84,A7,Tracker!$K$5:$K$84,"Done") -> 0 | F7: =IFERROR(AVERAGEIFS(Tracker!$L$5:$L$84,Tracker!$A$5:$A$84,A7),"") | G7: =COUNTIFS(Tracker!$A$5:$A$84,A7,Tracker!$L$5:$L$84,"<=2") -> 0
A8: Mechanics | B8: =COUNTIF(Tracker!$A$5:$A$84,A8) -> 8 | C8: =COUNTIFS(Tracker!$A$5:$A$84,A8,Tracker!$I$5:$I$84,"Done") -> 0 | D8: =COUNTIFS(Tracker!$A$5:$A$84,A8,Tracker!$J$5:$J$84,"Done") -> 0 | E8: =COUNTIFS(Tracker!$A$5:$A$84,A8,Tracker!$K$5:$K$84,"Done") -> 0 | F8: =IFERROR(AVERAGEIFS(Tracker!$L$5:$L$84,Tracker!$A$5:$A$84,A8),"") | G8: =COUNTIFS(Tracker!$A$5:$A$84,A8,Tracker!$L$5:$L$84,"<=2") -> 0
A9: Further Mechanics | B9: =COUNTIF(Tracker!$A$5:$A$84,A9) -> 10 | C9: =COUNTIFS(Tracker!$A$5:$A$84,A9,Tracker!$I$5:$I$84,"Done") -> 0 | D9: =COUNTIFS(Tracker!$A$5:$A$84,A9,Tracker!$J$5:$J$84,"Done") -> 0 | E9: =COUNTIFS(Tracker!$A$5:$A$84,A9,Tracker!$K$5:$K$84,"Done") -> 0 | F9: =IFERROR(AVERAGEIFS(Tracker!$L$5:$L$84,Tracker!$A$5:$A$84,A9),"") | G9: =COUNTIFS(Tracker!$A$5:$A$84,A9,Tracker!$L$5:$L$84,"<=2") -> 0
A10: Total | B10: =SUM(B4:B9) -> 80 | C10: =SUM(C4:C9) -> 0 | D10: =SUM(D4:D9) -> 0 | E10: =SUM(E4:E9) -> 0
A12: Term | B12: Chapters | C12: Summaries done | D12: Exercises done | E12: Exam Qs done | F12: Avg confidence | G12: Chapters at 1–2
A13: Autumn Y12 | B13: =COUNTIF(Tracker!$G$5:$G$84,"*"&A13&"*") -> 30 | C13: =COUNTIFS(Tracker!$G$5:$G$84,"*"&A13&"*",Tracker!$I$5:$I$84,"Done") -> 0 | D13: =COUNTIFS(Tracker!$G$5:$G$84,"*"&A13&"*",Tracker!$J$5:$J$84,"Done") -> 0 | E13: =COUNTIFS(Tracker!$G$5:$G$84,"*"&A13&"*",Tracker!$K$5:$K$84,"Done") -> 0 | F13: =IFERROR(AVERAGEIFS(Tracker!$L$5:$L$84,Tracker!$G$5:$G$84,"*"&A13&"*"),"") | G13: =COUNTIFS(Tracker!$G$5:$G$84,"*"&A13&"*",Tracker!$L$5:$L$84,"<=2") -> 0
A14: Spring Y12 | B14: =COUNTIF(Tracker!$G$5:$G$84,"*"&A14&"*") -> 17 | C14: =COUNTIFS(Tracker!$G$5:$G$84,"*"&A14&"*",Tracker!$I$5:$I$84,"Done") -> 0 | D14: =COUNTIFS(Tracker!$G$5:$G$84,"*"&A14&"*",Tracker!$J$5:$J$84,"Done") -> 0 | E14: =COUNTIFS(Tracker!$G$5:$G$84,"*"&A14&"*",Tracker!$K$5:$K$84,"Done") -> 0 | F14: =IFERROR(AVERAGEIFS(Tracker!$L$5:$L$84,Tracker!$G$5:$G$84,"*"&A14&"*"),"") | G14: =COUNTIFS(Tracker!$G$5:$G$84,"*"&A14&"*",Tracker!$L$5:$L$84,"<=2") -> 0
A15: Summer Y12 | B15: =COUNTIF(Tracker!$G$5:$G$84,"*"&A15&"*") -> 11 | C15: =COUNTIFS(Tracker!$G$5:$G$84,"*"&A15&"*",Tracker!$I$5:$I$84,"Done") -> 0 | D15: =COUNTIFS(Tracker!$G$5:$G$84,"*"&A15&"*",Tracker!$J$5:$J$84,"Done") -> 0 | E15: =COUNTIFS(Tracker!$G$5:$G$84,"*"&A15&"*",Tracker!$K$5:$K$84,"Done") -> 0 | F15: =IFERROR(AVERAGEIFS(Tracker!$L$5:$L$84,Tracker!$G$5:$G$84,"*"&A15&"*"),"") | G15: =COUNTIFS(Tracker!$G$5:$G$84,"*"&A15&"*",Tracker!$L$5:$L$84,"<=2") -> 0
A16: Autumn Y13 | B16: =COUNTIF(Tracker!$G$5:$G$84,"*"&A16&"*") -> 19 | C16: =COUNTIFS(Tracker!$G$5:$G$84,"*"&A16&"*",Tracker!$I$5:$I$84,"Done") -> 0 | D16: =COUNTIFS(Tracker!$G$5:$G$84,"*"&A16&"*",Tracker!$J$5:$J$84,"Done") -> 0 | E16: =COUNTIFS(Tracker!$G$5:$G$84,"*"&A16&"*",Tracker!$K$5:$K$84,"Done") -> 0 | F16: =IFERROR(AVERAGEIFS(Tracker!$L$5:$L$84,Tracker!$G$5:$G$84,"*"&A16&"*"),"") | G16: =COUNTIFS(Tracker!$G$5:$G$84,"*"&A16&"*",Tracker!$L$5:$L$84,"<=2") -> 0
A17: Spring Y13 | B17: =COUNTIF(Tracker!$G$5:$G$84,"*"&A17&"*") -> 6 | C17: =COUNTIFS(Tracker!$G$5:$G$84,"*"&A17&"*",Tracker!$I$5:$I$84,"Done") -> 0 | D17: =COUNTIFS(Tracker!$G$5:$G$84,"*"&A17&"*",Tracker!$J$5:$J$84,"Done") -> 0 | E17: =COUNTIFS(Tracker!$G$5:$G$84,"*"&A17&"*",Tracker!$K$5:$K$84,"Done") -> 0 | F17: =IFERROR(AVERAGEIFS(Tracker!$L$5:$L$84,Tracker!$G$5:$G$84,"*"&A17&"*"),"") | G17: =COUNTIFS(Tracker!$G$5:$G$84,"*"&A17&"*",Tracker!$L$5:$L$84,"<=2") -> 0
A19: Chapters taught across two terms count in both. Everything updates automatically from the Tracker tab.
